{
  "description": "Sample localization strings for MasterCard Analytics Platform",
  "languages": ["ru", "kz", "en"],
  "samples": {
    "dashboard.title": {
      "ru": "Обзор транзакций",
      "kz": "Транзакция шолу",
      "en": "Transaction Overview"
    },
    "dashboard.greeting": {
      "ru": "Добро пожаловать",
      "kz": "Қош келдіңіз",
      "en": "Welcome"
    },
    "dashboard.quickActions": {
      "ru": "Быстрые действия",
      "kz": "Жылдам әрекеттер",
      "en": "Quick Actions"
    },
    "dashboard.categories": {
      "ru": "Категории",
      "kz": "Санаттар",
      "en": "Categories"
    },
    "dashboard.merchants": {
      "ru": "Мерчанты",
      "kz": "Мерчанттар",
      "en": "Merchants"
    },
    "dashboard.geography": {
      "ru": "География",
      "kz": "География",
      "en": "Geography"
    },
    "chat.placeholder": {
      "ru": "Спросите об аналитике, например: «Траты по категориям за октябрь»",
      "kz": "Аналитика туралы сұраңыз, мысалы: «Қазан айындағы санаттар бойынша шығындар»",
      "en": "Ask about analytics, e.g.: 'Spend by category for October'"
    },
    "chat.listening": {
      "ru": "Слушаю...",
      "kz": "Тыңдап жатырмын...",
      "en": "Listening..."
    },
    "chat.processing": {
      "ru": "Обрабатываю...",
      "kz": "Өңдеу...",
      "en": "Processing..."
    },
    "button.save": {
      "ru": "Сохранить",
      "kz": "Сақтау",
      "en": "Save"
    },
    "button.export": {
      "ru": "Экспорт",
      "kz": "Экспорт",
      "en": "Export"
    },
    "button.cancel": {
      "ru": "Отмена",
      "kz": "Болдырмау",
      "en": "Cancel"
    },
    "button.addNote": {
      "ru": "Добавить заметку",
      "kz": "Ескерту қосу",
      "en": "Add Note"
    },
    "note.addPlaceholder": {
      "ru": "Добавьте заметку...",
      "kz": "Ескерту қосыңыз...",
      "en": "Add a note..."
    },
    "transaction.date": {
      "ru": "Дата",
      "kz": "Күні",
      "en": "Date"
    },
    "transaction.amount": {
      "ru": "Сумма",
      "kz": "Сома",
      "en": "Amount"
    },
    "transaction.merchant": {
      "ru": "Мерчант",
      "kz": "Мерчант",
      "en": "Merchant"
    },
    "transaction.category": {
      "ru": "Категория",
      "kz": "Санат",
      "en": "Category"
    },
    "alert.anomaly": {
      "ru": "Обнаружена аномалия",
      "kz": "Ауытқу анықталды",
      "en": "Anomaly Detected"
    },
    "admin.users": {
      "ru": "Пользователи",
      "kz": "Пайдаланушылар",
      "en": "Users"
    },
    "admin.roles": {
      "ru": "Роли",
      "kz": "Рөлдер",
      "en": "Roles"
    },
    "common.search": {
      "ru": "Поиск",
      "kz": "Іздеу",
      "en": "Search"
    },
    "common.filter": {
      "ru": "Фильтр",
      "kz": "Сүзгі",
      "en": "Filter"
    },
    "common.loading": {
      "ru": "Загрузка...",
      "kz": "Жүктелуде...",
      "en": "Loading..."
    },
    "common.error": {
      "ru": "Ошибка",
      "kz": "Қате",
      "en": "Error"
    },
    "common.success": {
      "ru": "Успешно",
      "kz": "Сәтті",
      "en": "Success"
    }
  },
  "usage_notes": {
    "implementation": "These translations are implemented in /lib/localization.ts using the useTranslation() hook",
    "adding_new_strings": "To add new translatable strings, update both the translations object in localization.ts and this reference file",
    "switching_languages": "Users can switch languages via the Globe icon in the top navigation bar",
    "storage": "Selected language is persisted in browser localStorage"
  },
  "coverage": {
    "navigation": "100% - All menu items translated",
    "dashboard": "100% - All dashboard elements translated",
    "chat": "100% - Chat interface fully localized",
    "transactions": "100% - Table headers and filters translated",
    "notes": "100% - Note interface and actions translated",
    "alerts": "90% - Core functionality translated",
    "admin": "85% - Main sections translated",
    "buttons_actions": "100% - All common buttons translated"
  }
}
